<?xml version="1.0" encoding="UTF-8"?>
<project-private xmlns="http://www.netbeans.org/ns/project-private/1">
    <editor-bookmarks xmlns="http://www.netbeans.org/ns/editor-bookmarks/2" lastBookmarkId="0"/>
    <open-files xmlns="http://www.netbeans.org/ns/projectui-open-files/2">
        <group>
            <file>file:/C:/Users/mithr/Dropbox/School/ICS4UE%20TDSB%202020/August%2014th/TicTacAI/src/tictacai/TicTacEvent.java</file>
            <file>file:/C:/Users/mithr/Dropbox/School/ICS4UE%20TDSB%202020/August%2014th/TicTacAI/src/tictacai/TicTacAI.java</file>
            <file>file:/C:/Users/mithr/Dropbox/School/ICS4UE%20TDSB%202020/August%2014th/TicTacAI/src/tictacai/TicTac.java</file>
        </group>
    </open-files>
</project-private>
